City_ID,City,Country,Date,Lat,Lng,Max Temp,Humidity,Cloudiness,Wind Speed
0,Souillac,MU,2020-10-31 15:56:34,-20.52,57.52,69.8,68,40,10.29
1,Busselton,AU,2020-10-31 15:56:34,-33.65,115.33,63.0,66,100,13.58
2,Neiafu,TO,2020-10-31 15:56:35,-18.65,-173.98,75.2,94,40,11.41
3,Punta Arenas,CL,2020-10-31 15:56:35,-53.15,-70.92,51.8,71,0,9.17
4,Pisco,PE,2020-10-31 15:54:18,-13.7,-76.22,66.2,77,40,8.05
5,Atuona,PF,2020-10-31 15:56:35,-9.8,-139.03,78.13,76,18,18.39
6,Carnarvon,AU,2020-10-31 15:56:35,-24.87,113.63,69.8,88,90,9.17
7,Fortuna,US,2020-10-31 15:54:16,40.6,-124.16,44.6,93,1,9.17
8,Ossora,RU,2020-10-31 15:56:35,59.24,163.07,32.45,96,100,2.46
9,Avarua,CK,2020-10-31 15:52:57,-21.21,-159.78,73.4,83,100,11.41
10,Vila Velha,BR,2020-10-31 15:56:34,-20.33,-40.29,73.4,88,75,2.24
11,Puerto Madryn,AR,2020-10-31 15:56:36,-42.77,-65.04,80.89,16,0,6.15
12,Angoche,MZ,2020-10-31 15:56:36,-16.23,39.91,79.25,73,16,7.54
13,Hithadhoo,MV,2020-10-31 15:56:36,-0.6,73.08,83.84,71,94,7.72
14,Taltal,CL,2020-10-31 15:56:36,-25.4,-70.48,64.35,58,48,7.49
15,Jamestown,US,2020-10-31 15:56:36,42.1,-79.24,37.99,74,90,6.93
16,Bredasdorp,ZA,2020-10-31 15:56:36,-34.53,20.04,66.2,48,0,13.87
17,Mataura,NZ,2020-10-31 15:52:57,-46.19,168.86,43.0,88,5,1.99
18,Baykit,RU,2020-10-31 15:52:56,61.67,96.37,1.24,89,15,1.99
19,Saint-Philippe,RE,2020-10-31 15:56:37,-21.36,55.77,69.8,60,75,4.7
20,Tasiilaq,GL,2020-10-31 15:56:37,65.61,-37.64,32.0,95,90,2.24
21,Bambous Virieux,MU,2020-10-31 15:53:09,-20.34,57.76,69.8,68,40,10.29
22,Vaini,TO,2020-10-31 15:56:37,-21.2,-175.2,73.4,83,40,12.75
23,Gamba,GA,2020-10-31 15:56:37,-2.65,10.0,79.32,82,99,8.59
24,Ushuaia,AR,2020-10-31 15:56:37,-54.8,-68.3,55.4,54,40,3.36
25,Arraial Do Cabo,BR,2020-10-31 15:56:37,-22.97,-42.03,69.8,94,90,8.05
26,Longyearbyen,SJ,2020-10-31 15:56:37,78.22,15.64,21.2,73,75,3.36
27,Houma,US,2020-10-31 15:56:22,29.6,-90.72,64.0,87,40,6.93
28,Bandar-E Lengeh,IR,2020-10-31 15:53:12,26.56,54.88,78.8,78,0,7.29
29,Pobe,BJ,2020-10-31 15:56:38,6.98,2.66,86.68,65,30,1.95
30,Nemuro,JP,2020-10-31 15:56:38,43.32,145.57,47.01,67,53,6.29
31,Zuya,UA,2020-10-31 15:56:38,45.05,34.32,50.22,84,100,5.95
32,Englewood,US,2020-10-31 15:56:38,39.65,-104.99,57.0,25,20,3.36
33,Imbituba,BR,2020-10-31 15:56:38,-28.24,-48.67,68.0,64,75,8.05
34,Port Elizabeth,ZA,2020-10-31 15:56:38,-33.92,25.57,66.2,68,0,6.93
35,Ribeira Grande,PT,2020-10-31 15:52:59,38.52,-28.7,69.8,94,75,18.34
36,Alofi,NU,2020-10-31 15:56:38,-19.06,-169.92,73.4,94,89,9.17
37,Naze,JP,2020-10-31 15:56:39,28.37,129.48,71.6,56,20,8.05
38,New Norfolk,AU,2020-10-31 15:56:39,-42.78,147.06,53.01,69,64,2.37
39,Mattru,SL,2020-10-31 15:56:39,7.62,-11.83,85.26,70,72,3.96
40,Atherton,GB,2020-10-31 15:56:39,53.52,-2.49,55.99,60,95,5.01
41,Tshikapa,CD,2020-10-31 15:56:39,-6.42,20.8,81.41,75,68,1.14
42,Port Alfred,ZA,2020-10-31 15:52:57,-33.59,26.89,65.91,72,84,16.2
43,Upernavik,GL,2020-10-31 15:56:39,72.79,-56.15,16.48,95,64,10.67
44,Mangan,IN,2020-10-31 15:56:39,27.52,88.53,67.96,27,60,7.7
45,Beringovskiy,RU,2020-10-31 15:56:39,63.05,179.32,19.49,92,100,11.1
46,Menongue,AO,2020-10-31 15:56:40,-14.66,17.69,79.16,41,89,2.77
47,Hirtshals,DK,2020-10-31 15:55:50,57.59,9.96,52.0,92,16,4.0
48,Chiungutwa,TZ,2020-10-31 15:56:40,-10.88,38.98,77.68,68,58,6.8
49,Tarumovka,RU,2020-10-31 15:56:40,44.08,46.54,58.59,90,99,9.84
50,Faanui,PF,2020-10-31 15:56:40,-16.48,-151.75,78.57,76,33,19.17
51,San Patricio,US,2020-10-31 15:56:40,28.02,-97.52,69.01,68,20,5.82
52,Paita,PE,2020-10-31 15:56:40,-5.09,-81.11,71.6,73,40,12.75
53,Victoria,HK,2020-10-31 15:56:40,22.29,114.16,73.99,77,1,3.0
54,Mbini,GQ,2020-10-31 15:56:41,1.57,9.61,80.6,94,40,4.7
55,Matara,LK,2020-10-31 15:53:07,5.95,80.54,78.42,84,3,6.2
56,Beira,MZ,2020-10-31 15:55:50,-19.84,34.84,78.8,78,20,18.34
57,Hermanus,ZA,2020-10-31 15:52:59,-34.42,19.23,66.0,58,0,8.99
58,Broken Hill,AU,2020-10-31 15:53:11,-31.95,141.43,53.6,81,0,11.05
59,Cidreira,BR,2020-10-31 15:56:41,-30.18,-50.21,67.68,60,90,9.35
60,Shepsi,RU,2020-10-31 15:56:41,44.04,39.15,63.25,73,98,12.1
61,Saskylakh,RU,2020-10-31 15:56:41,71.92,114.08,-4.22,83,0,5.97
62,Ust-Nera,RU,2020-10-31 15:56:41,64.57,143.2,-4.04,82,100,1.36
63,Shimoda,JP,2020-10-31 15:56:41,34.67,138.95,46.99,83,0,8.61
64,Castro,BR,2020-10-31 15:56:42,-24.79,-50.01,61.0,77,100,6.04
65,Atar,MR,2020-10-31 15:53:15,20.52,-13.05,100.4,18,0,9.17
66,Chuy,UY,2020-10-31 15:53:06,-33.7,-53.46,65.12,61,43,7.87
67,Iqaluit,CA,2020-10-31 15:56:42,63.75,-68.51,19.4,79,75,8.05
68,Xuddur,SO,2020-10-31 15:56:42,4.12,43.89,77.14,75,41,8.21
69,Haines Junction,CA,2020-10-31 15:53:56,60.75,-137.51,14.0,85,100,3.31
70,Albany,US,2020-10-31 15:55:51,42.6,-73.97,37.0,92,20,2.93
71,Wanning,CN,2020-10-31 15:56:42,18.8,110.4,73.67,84,23,8.37
72,Madisonville,US,2020-10-31 15:56:42,37.33,-87.5,55.4,54,1,5.82
73,Riyadh,SA,2020-10-31 15:56:43,24.69,46.72,78.8,24,0,4.7
74,Waingapu,ID,2020-10-31 15:56:43,-9.66,120.26,80.8,70,100,4.72
75,Zhezkazgan,KZ,2020-10-31 15:54:16,47.8,67.71,41.65,58,1,8.16
76,Zyryanskoye,RU,2020-10-31 15:56:43,56.83,86.63,33.57,94,100,8.93
77,Pevek,RU,2020-10-31 15:56:43,69.7,170.31,12.7,97,100,10.04
78,Uyuni,BO,2020-10-31 15:56:43,-20.46,-66.83,56.71,22,58,11.36
79,Cockburn Town,TC,2020-10-31 15:56:43,21.46,-71.14,82.76,80,91,17.65
80,Arlit,NE,2020-10-31 15:56:43,18.74,7.39,89.4,13,0,22.32
81,Bluff,NZ,2020-10-31 15:56:43,-46.6,168.33,43.0,88,43,1.99
82,Hovd,MN,2020-10-31 15:56:43,48.01,91.64,28.0,84,0,1.97
83,Ust-Tsilma,RU,2020-10-31 15:56:44,65.44,52.15,34.07,90,99,9.8
84,Cao Bang,VN,2020-10-31 15:56:44,22.67,106.25,70.48,86,77,0.36
85,Northam,GB,2020-10-31 15:56:44,51.03,-4.22,52.0,80,86,15.99
86,Port-Cartier,CA,2020-10-31 15:56:44,50.03,-66.87,30.0,50,0,9.17
87,Rikitea,PF,2020-10-31 15:56:44,-23.12,-134.97,74.86,71,8,7.61
88,Namestovo,SK,2020-10-31 15:56:44,49.41,19.48,43.0,84,1,5.01
89,Kapaa,US,2020-10-31 15:52:58,22.08,-159.32,69.8,94,75,5.82
90,Dikson,RU,2020-10-31 15:56:44,73.51,80.55,16.5,97,100,17.13
91,Thompson,CA,2020-10-31 15:52:58,55.74,-97.86,14.0,85,90,18.34
92,Krasnoselkup,RU,2020-10-31 15:56:45,65.7,82.47,33.67,96,100,23.2
93,Assiniboia,CA,2020-10-31 15:56:45,49.63,-105.98,32.0,87,62,34.45
94,Port Hueneme,US,2020-10-31 15:53:54,34.15,-119.2,51.8,50,1,1.99
95,Camana,PE,2020-10-31 15:56:45,-16.62,-72.71,68.58,67,96,8.59
96,Kavieng,PG,2020-10-31 15:56:45,-2.57,150.8,83.14,75,86,8.88
97,Dakar,SN,2020-10-31 15:56:14,14.69,-17.44,84.2,66,0,19.46
98,Rincon,US,2020-10-31 15:56:45,32.3,-81.24,66.99,63,20,12.75
99,Bucak,TR,2020-10-31 15:56:45,37.46,30.59,71.6,50,0,9.17
100,Placido De Castro,BR,2020-10-31 15:56:45,-10.34,-67.19,79.88,50,97,6.6
101,Bayanday,RU,2020-10-31 15:56:45,53.07,105.51,19.85,87,78,12.71
102,Ambilobe,MG,2020-10-31 15:56:46,-13.2,49.05,75.7,57,86,7.54
103,Luderitz,NA,2020-10-31 15:53:06,-26.65,15.16,72.37,39,33,27.92
104,Belyy Yar,RU,2020-10-31 15:56:46,53.6,91.39,35.6,69,75,2.24
105,Rio Grande,BR,2020-10-31 15:53:03,-32.03,-52.1,68.0,60,75,13.87
106,Hilo,US,2020-10-31 15:52:58,19.73,-155.09,73.4,73,75,6.93
107,Lebu,CL,2020-10-31 15:56:46,-37.62,-73.65,61.72,63,12,9.78
108,Torbay,CA,2020-10-31 15:56:46,47.67,-52.73,37.0,64,90,18.34
109,Jumla,NP,2020-10-31 15:56:46,29.27,82.18,48.25,53,50,6.04
110,Gasa,PS,2020-10-31 15:56:46,31.5,34.47,77.0,100,7,1.99
111,Cape Town,ZA,2020-10-31 15:55:35,-33.93,18.42,69.01,52,0,26.4
112,Hobart,AU,2020-10-31 15:56:04,-42.88,147.33,55.4,66,75,5.82
113,Orbetello,IT,2020-10-31 15:56:46,42.44,11.22,66.2,77,20,2.01
114,Tiksi,RU,2020-10-31 15:56:47,71.69,128.87,1.35,94,66,3.38
115,Khatanga,RU,2020-10-31 15:53:04,71.97,102.5,-5.55,88,97,7.18
116,Georgetown,MY,2020-10-31 15:53:27,5.41,100.34,82.4,83,40,3.36
117,Sebring,US,2020-10-31 15:56:47,27.5,-81.44,78.8,69,40,13.87
118,Nome,US,2020-10-31 15:56:47,64.5,-165.41,12.2,85,1,8.12
119,Qaanaaq,GL,2020-10-31 15:56:47,77.48,-69.36,12.11,87,97,7.2
120,Esperance,AU,2020-10-31 15:53:10,-33.87,121.9,73.4,49,99,10.29
121,Manggar,ID,2020-10-31 15:56:47,-2.88,108.27,80.22,82,86,4.27
122,Damietta,EG,2020-10-31 15:56:47,31.42,31.81,77.0,69,40,9.17
123,Kavaratti,IN,2020-10-31 15:56:48,10.57,72.64,83.05,70,68,4.36
124,Missoula,US,2020-10-31 15:56:48,47.02,-113.8,36.0,92,1,4.7
125,Ixtapa,MX,2020-10-31 15:56:48,20.7,-105.2,84.0,100,5,3.36
126,Mount Isa,AU,2020-10-31 15:56:48,-20.73,139.5,68.0,20,0,4.7
127,Mayo,US,2020-10-31 15:56:48,38.89,-76.51,48.0,65,75,8.05
128,Ahipara,NZ,2020-10-31 15:56:48,-35.17,173.17,62.47,95,38,4.99
129,Arauca,CO,2020-10-31 15:56:48,7.08,-70.76,83.39,81,98,7.11
130,Omsukchan,RU,2020-10-31 15:56:49,62.53,155.8,12.76,94,100,6.73
131,Mahebourg,MU,2020-10-31 15:56:49,-20.41,57.7,69.8,68,40,10.29
132,Wamba,NG,2020-10-31 15:56:49,8.93,8.6,88.63,38,27,3.06
133,Melo,UY,2020-10-31 15:56:49,-32.37,-54.18,67.6,59,92,8.66
134,Te Anau,NZ,2020-10-31 15:56:49,-45.42,167.72,44.46,81,55,6.35
135,Grand Gaube,MU,2020-10-31 15:56:49,-20.01,57.66,66.99,69,0,1.01
136,Dingle,PH,2020-10-31 15:56:49,11.0,122.67,75.87,84,100,5.68
137,Abu Zabad,SD,2020-10-31 15:56:50,12.35,29.25,88.72,18,0,7.14
138,Norman Wells,CA,2020-10-31 15:56:50,65.28,-126.83,-2.2,84,20,5.82
139,Vao,NC,2020-10-31 15:56:50,-22.67,167.48,73.15,81,98,17.49
140,Nanortalik,GL,2020-10-31 15:56:50,60.14,-45.24,29.55,90,11,15.52
141,Shirvan,AZ,2020-10-31 15:56:50,39.95,48.9,69.4,64,5,3.11
142,Tuktoyaktuk,CA,2020-10-31 15:52:56,69.45,-133.04,-5.8,83,20,5.82
143,Mar Del Plata,AR,2020-10-31 15:56:50,-38.0,-57.56,69.8,35,0,4.7
144,Hervey Bay,AU,2020-10-31 15:53:04,-25.3,152.85,75.99,83,5,4.0
145,Yerbogachen,RU,2020-10-31 15:56:50,61.28,108.01,2.16,92,0,3.69
146,Barrow,US,2020-10-31 15:56:35,71.29,-156.79,21.2,85,90,3.11
147,Williams Lake,CA,2020-10-31 15:56:50,52.14,-122.14,28.4,92,75,4.7
148,Ponta Do Sol,PT,2020-10-31 15:56:50,32.67,-17.1,75.0,78,20,8.05
149,Saint George,US,2020-10-31 15:52:34,37.1,-113.58,44.6,33,1,1.9
150,Chumikan,RU,2020-10-31 15:56:51,54.72,135.31,33.22,96,100,22.1
151,Huilong,CN,2020-10-31 15:56:51,31.81,121.66,64.0,87,66,6.78
152,Dudinka,RU,2020-10-31 15:56:51,69.41,86.18,17.6,92,75,40.26
153,Muros,ES,2020-10-31 15:56:51,42.78,-9.06,63.0,92,100,17.0
154,Hamilton,US,2020-10-31 15:56:51,39.18,-84.53,51.01,61,20,11.41
155,Caraballeda,VE,2020-10-31 15:56:51,10.61,-66.85,80.01,62,5,9.01
156,Cherskiy,RU,2020-10-31 15:56:51,68.75,161.3,7.43,87,96,3.69
157,Salmo,CA,2020-10-31 15:56:51,49.2,-117.27,33.8,100,12,6.93
158,Preobrazheniye,RU,2020-10-31 15:56:52,42.9,133.91,51.89,84,92,12.88
159,Vanimo,PG,2020-10-31 15:56:52,-2.67,141.3,78.21,85,7,5.82
160,San Cristobal,VE,2020-10-31 15:56:52,7.77,-72.22,82.4,74,75,4.7
161,Dunedin,NZ,2020-10-31 15:56:52,-45.87,170.5,50.0,80,0,10.6
162,Hokitika,NZ,2020-10-31 15:56:52,-42.72,170.97,51.37,81,87,8.21
163,Colares,PT,2020-10-31 15:56:52,38.8,-9.45,70.0,73,20,8.05
164,Bilibino,RU,2020-10-31 15:56:52,68.05,166.44,-1.32,85,12,2.3
165,Severo-Kurilsk,RU,2020-10-31 15:56:52,50.68,156.12,41.7,79,100,26.82
166,Opuwo,NA,2020-10-31 15:53:16,-18.06,13.84,85.08,34,98,10.69
167,Ilulissat,GL,2020-10-31 15:56:52,69.22,-51.1,17.6,67,75,6.93
168,Batavia,US,2020-10-31 15:56:53,41.85,-88.31,46.99,60,1,17.22
169,Kaitangata,NZ,2020-10-31 15:52:58,-46.28,169.85,46.0,76,3,9.37
170,Odienne,CI,2020-10-31 15:56:53,9.51,-7.57,90.84,35,1,5.14
171,East London,ZA,2020-10-31 15:56:53,-33.02,27.91,66.2,68,20,8.05
172,Sitka,US,2020-10-31 15:56:53,57.05,-135.33,50.0,87,90,21.92
173,Petropavlovsk-Kamchatskiy,RU,2020-10-31 15:56:53,53.05,158.65,39.2,69,75,15.66
174,El Bagre,CO,2020-10-31 15:56:53,7.59,-74.81,90.27,54,17,2.55
175,Nizwa,OM,2020-10-31 15:52:56,22.93,57.53,71.11,25,6,3.71
176,Yellowknife,CA,2020-10-31 15:55:54,62.46,-114.35,18.0,92,90,17.22
177,Haysville,US,2020-10-31 15:56:54,37.56,-97.35,55.99,57,1,19.46
178,Torzhok,RU,2020-10-31 15:56:54,57.04,34.96,42.66,92,78,4.05
179,Namtsy,RU,2020-10-31 15:53:17,62.72,129.67,-20.2,75,0,4.47
180,Vyazma,RU,2020-10-31 15:56:54,55.21,34.3,44.6,84,88,9.51
181,Vestmannaeyjar,IS,2020-10-31 15:52:59,63.44,-20.27,44.6,75,20,12.75
182,Vihti,FI,2020-10-31 15:56:54,60.42,24.32,45.0,97,53,1.99
183,Butaritari,KI,2020-10-31 15:52:57,3.07,172.79,80.92,76,57,17.22
184,Port Lincoln,AU,2020-10-31 15:53:05,-34.73,135.87,54.27,83,0,11.21
185,Port Pirie,AU,2020-10-31 15:56:54,-33.18,138.02,57.2,76,0,6.93
186,Honningsvag,NO,2020-10-31 15:55:29,70.98,25.97,33.53,90,94,9.91
187,Port Augusta,AU,2020-10-31 15:56:54,-32.5,137.77,57.2,76,0,6.93
188,Hasaki,JP,2020-10-31 15:53:01,35.73,140.83,44.6,93,20,3.36
189,Tupik,RU,2020-10-31 15:56:55,54.43,119.93,17.11,94,100,6.35
190,Sola,VU,2020-10-31 15:56:55,-13.88,167.55,80.82,81,38,19.53
191,Palmer,US,2020-10-31 15:56:55,42.16,-72.33,36.0,100,1,1.36
192,Valparaiso,CL,2020-10-31 15:52:17,-33.04,-71.63,53.6,100,90,3.36
193,Laguna,US,2020-10-31 15:56:55,38.42,-121.42,48.2,81,1,2.57
194,Victor Harbor,AU,2020-10-31 15:56:55,-35.57,138.62,55.99,78,1,7.47
195,Yar-Sale,RU,2020-10-31 15:56:56,66.83,70.83,27.84,95,93,12.82
196,Nkowakowa,ZA,2020-10-31 15:56:56,-23.89,30.29,71.6,37,0,21.92
197,San Quintin,MX,2020-10-31 15:56:56,30.48,-115.95,71.55,45,68,2.55
198,Aklavik,CA,2020-10-31 15:56:56,68.22,-135.01,-2.2,77,75,3.36
199,George,ZA,2020-10-31 15:56:56,-33.96,22.46,62.6,59,20,13.87
200,Nelson Bay,AU,2020-10-31 15:56:56,-32.72,152.15,57.99,87,4,8.05
201,Ippy,CF,2020-10-31 15:56:56,6.27,21.22,74.43,86,32,2.3
202,Harper,LR,2020-10-31 15:53:56,4.38,-7.72,81.32,79,66,8.25
203,Hirara,JP,2020-10-31 15:56:56,24.8,125.28,77.29,74,3,21.34
204,Brookhaven,US,2020-10-31 15:56:57,31.58,-90.44,57.99,79,0,1.01
205,Bilma,NE,2020-10-31 15:56:57,18.69,12.92,82.65,16,0,5.01
206,Broome,US,2020-10-31 15:56:57,42.25,-75.83,42.01,69,20,3.36
207,Tobane,BW,2020-10-31 15:56:57,-21.95,27.9,87.8,31,20,10.29
208,Hambantota,LK,2020-10-31 15:53:10,6.12,81.12,80.6,94,20,3.36
209,Bitung,ID,2020-10-31 15:54:06,1.45,125.18,78.8,94,20,1.12
210,Kodiak,US,2020-10-31 15:56:57,57.79,-152.41,32.0,90,1,4.7
211,Taoudenni,ML,2020-10-31 15:56:57,22.68,-3.98,92.5,11,100,8.23
212,Wilmington,US,2020-10-31 15:56:08,34.23,-77.94,64.0,55,1,14.99
213,Vikulovo,RU,2020-10-31 15:52:18,56.82,70.61,35.02,87,98,10.49
214,Rusape,ZW,2020-10-31 15:56:58,-18.53,32.13,70.59,46,42,9.86
215,Saurimo,AO,2020-10-31 15:56:58,-9.66,20.39,77.05,68,48,4.18
216,Tabuk,PH,2020-10-31 15:56:58,17.42,121.44,69.75,84,100,9.8
217,Katsuura,JP,2020-10-31 15:56:58,35.13,140.3,53.6,76,0,10.29
218,Acapulco,MX,2020-10-31 15:55:49,16.86,-99.89,80.6,78,40,3.36
219,Lypova Dolyna,UA,2020-10-31 15:56:58,50.56,33.8,47.35,90,100,12.68
220,Tuatapere,NZ,2020-10-31 15:56:58,-46.13,167.68,43.0,88,2,1.99
221,Nishihara,JP,2020-10-31 15:56:58,26.18,127.76,73.4,88,75,3.36
222,Inhambane,MZ,2020-10-31 15:56:59,-23.86,35.38,78.8,65,20,12.75
223,Taunggyi,MM,2020-10-31 15:56:59,20.78,97.03,62.11,100,91,2.13
224,Ivanivka,UA,2020-10-31 15:56:59,46.72,34.55,50.76,84,100,7.81
225,Yumen,CN,2020-10-31 15:56:59,40.28,97.2,36.57,59,94,12.41
226,Geraldton,AU,2020-10-31 15:52:56,-28.77,114.6,68.0,72,75,14.99
227,Los Llanos De Aridane,ES,2020-10-31 15:53:13,28.66,-17.92,80.6,61,0,8.05
228,Bridlington,GB,2020-10-31 15:56:59,54.08,-0.19,57.2,71,100,16.11
229,Yulara,AU,2020-10-31 15:53:03,-25.24,130.99,73.4,20,66,10.29
230,Coldstream,GB,2020-10-31 15:56:59,55.65,-2.25,52.0,75,99,5.99
231,Blagodatnoye,RU,2020-10-31 15:57:00,45.4,42.59,57.2,76,20,4.47
232,Agirish,RU,2020-10-31 15:57:00,61.92,63.02,32.13,99,98,7.63
233,Kakori,IN,2020-10-31 15:57:00,26.88,80.8,75.2,60,40,6.24
234,Klaksvik,FO,2020-10-31 15:57:00,62.23,-6.59,50.0,87,100,28.86
235,Ulladulla,AU,2020-10-31 15:53:03,-35.35,150.47,59.0,87,90,5.82
236,Arenapolis,BR,2020-10-31 15:57:00,-14.45,-56.85,88.0,47,85,6.22
237,Say,NE,2020-10-31 15:57:00,13.1,2.37,100.4,13,0,6.93
238,Baghdad,IQ,2020-10-31 15:57:00,33.34,44.4,80.6,22,0,6.93
239,French Harbor,HN,2020-10-31 15:57:00,16.35,-86.43,82.4,78,40,4.7
240,Turinsk,RU,2020-10-31 15:57:00,58.05,63.7,36.18,94,100,9.95
241,Pullman,US,2020-10-31 15:53:01,46.73,-117.18,34.0,80,1,5.48
242,Biak,ID,2020-10-31 15:57:01,-0.91,122.88,77.85,74,97,5.12
243,Hazaribag,IN,2020-10-31 15:57:01,23.98,85.35,66.76,81,0,4.65
244,Pemangkat,ID,2020-10-31 15:57:01,1.17,108.97,79.34,82,100,4.29
245,Kasempa,ZM,2020-10-31 15:53:21,-13.46,25.83,83.89,20,12,6.73
246,San Juan,AR,2020-10-31 15:57:01,-31.54,-68.54,81.97,16,0,8.28
247,Trairi,BR,2020-10-31 15:57:01,-3.28,-39.27,88.84,53,65,15.08
248,Mirnyy,RU,2020-10-31 15:57:01,62.54,113.96,5.0,84,75,6.71
249,Eureka,US,2020-10-31 15:52:49,40.8,-124.16,44.6,100,1,1.9
250,Vangaindrano,MG,2020-10-31 15:57:02,-23.35,47.6,67.46,76,31,7.38
251,Komsomolskiy,UZ,2020-10-31 15:57:02,40.43,71.72,42.8,45,0,6.93
252,Codrington,AU,2020-10-31 15:57:02,-38.27,141.97,47.61,88,12,3.8
253,Corpus Christi,US,2020-10-31 15:54:20,27.8,-97.4,70.0,68,20,5.82
254,Sinazongwe,ZM,2020-10-31 15:57:02,-17.26,27.46,87.69,33,0,5.39
255,Tual,ID,2020-10-31 15:57:02,-5.67,132.75,82.78,78,56,13.33
256,Provideniya,RU,2020-10-31 15:57:02,64.38,-173.3,21.06,87,92,5.99
257,Rence,SI,2020-10-31 15:57:02,45.89,13.67,60.8,72,0,3.36
258,Taybad,IR,2020-10-31 15:57:02,34.74,60.78,46.15,54,0,1.43
259,Cabo San Lucas,MX,2020-10-31 15:57:02,22.89,-109.91,77.0,78,5,4.74
260,Monrovia,LR,2020-10-31 15:57:03,6.3,-10.8,82.72,73,83,8.01
261,Tucuman,AR,2020-10-31 15:57:03,-26.82,-65.22,77.0,23,0,9.17
262,Constitucion,CL,2020-10-31 15:57:03,-35.33,-72.42,66.81,57,0,3.91
263,Veraval,IN,2020-10-31 15:57:03,20.9,70.37,81.03,57,0,6.13
264,Praia Da Vitoria,PT,2020-10-31 15:57:03,38.73,-27.07,73.4,83,75,17.96
265,Nikolskoye,RU,2020-10-31 15:57:03,59.7,30.79,41.0,86,75,4.47
266,Gat,IL,2020-10-31 15:56:03,31.61,34.76,77.0,100,28,1.99
267,Airai,TL,2020-10-31 15:57:03,-8.93,125.41,61.39,91,12,1.7
268,Lima,PE,2020-10-31 15:55:03,-12.04,-77.03,66.2,72,75,8.05
269,Akureyri,IS,2020-10-31 15:57:04,65.68,-18.09,42.8,70,0,12.75
270,Caravelas,BR,2020-10-31 15:57:04,-17.71,-39.25,79.57,73,99,6.73
271,Hualmay,PE,2020-10-31 15:57:04,-11.1,-77.61,68.76,66,96,9.82
272,Den Helder,NL,2020-10-31 15:57:04,52.96,4.76,57.2,76,90,17.22
273,Mounana,GA,2020-10-31 15:57:04,-1.41,13.16,87.8,62,40,2.24
274,Kokopo,PG,2020-10-31 15:57:04,-4.35,152.26,77.68,82,100,3.71
275,Teahupoo,PF,2020-10-31 15:57:04,-17.83,-149.27,73.4,83,20,3.36
276,Chibuto,MZ,2020-10-31 15:57:04,-24.69,33.53,73.62,71,40,12.15
277,Lokosovo,RU,2020-10-31 15:57:04,61.13,74.82,32.72,95,97,10.56
278,El Hatillo,VE,2020-10-31 15:57:05,10.43,-66.82,80.01,64,5,4.0
279,Huarmey,PE,2020-10-31 15:57:05,-10.07,-78.15,68.58,68,99,8.28
280,Mehamn,NO,2020-10-31 15:57:05,71.04,27.85,30.42,94,86,11.32
281,Galveston,US,2020-10-31 15:57:05,29.37,-94.97,69.01,68,1,5.82
282,Sao Filipe,CV,2020-10-31 15:57:05,14.9,-24.5,82.33,58,59,16.55
283,Okhotsk,RU,2020-10-31 15:57:05,59.38,143.3,16.72,87,0,10.63
284,Foz Do Iguacu,BR,2020-10-31 15:57:05,-25.55,-54.59,82.4,53,0,5.82
285,Boissevain,CA,2020-10-31 15:57:05,49.23,-100.06,33.01,85,90,29.97
286,Westport,US,2020-10-31 15:56:13,41.14,-73.36,44.01,56,1,9.17
287,Dwarka,IN,2020-10-31 15:57:06,22.24,68.97,82.74,54,0,12.53
288,Ushtobe,KZ,2020-10-31 15:57:06,45.25,77.98,42.08,62,0,11.79
289,Polunochnoye,RU,2020-10-31 15:57:06,60.87,60.42,34.16,92,100,5.08
290,Santa Helena,BR,2020-10-31 15:57:06,-2.23,-45.3,98.49,29,60,7.02
291,Brasilia De Minas,BR,2020-10-31 15:57:06,-16.21,-44.43,71.22,88,100,8.12
292,Namibe,AO,2020-10-31 15:57:06,-15.2,12.15,74.12,77,17,12.5
293,Goderich,CA,2020-10-31 15:57:06,43.75,-81.72,39.2,55,36,11.41
294,Port Macquarie,AU,2020-10-31 15:57:06,-31.43,152.92,61.0,87,3,5.21
295,Nha Trang,VN,2020-10-31 15:54:44,12.25,109.18,82.4,83,40,17.22
296,Isangel,VU,2020-10-31 15:57:06,-19.55,169.27,74.95,81,82,14.45
297,Gritsovskiy,RU,2020-10-31 15:57:07,54.14,38.16,46.99,69,100,11.83
298,Aksha,RU,2020-10-31 15:57:07,50.28,113.29,24.48,89,87,7.02
299,Santiago Del Estero,AR,2020-10-31 15:57:07,-27.8,-64.26,80.01,23,0,5.7
300,Kendari,ID,2020-10-31 15:57:07,-3.94,122.5,75.96,91,97,3.69
301,Kruisfontein,ZA,2020-10-31 15:57:07,-34.0,24.73,66.0,67,38,5.01
302,Solwezi,ZM,2020-10-31 15:57:07,-12.17,26.39,79.25,27,13,5.75
303,Itupeva,BR,2020-10-31 15:54:11,-23.15,-47.06,73.4,60,75,23.04
304,Richards Bay,ZA,2020-10-31 15:57:07,-28.78,32.04,67.35,78,100,11.61
305,Hobyo,SO,2020-10-31 15:57:07,5.35,48.53,82.38,74,99,10.18
306,Mindelo,CV,2020-10-31 15:57:07,16.89,-24.98,84.2,54,75,35.57
307,Bathsheba,BB,2020-10-31 15:57:07,13.22,-59.52,84.2,79,40,14.99
308,Bethel,US,2020-10-31 15:52:56,41.37,-73.41,39.99,69,1,5.82
309,Porto Novo,BJ,2020-10-31 15:57:01,6.5,2.6,87.8,74,40,13.87
310,Ambon,ID,2020-10-31 15:57:08,-3.7,128.18,82.99,89,7,1.01
311,Puerto Ayora,EC,2020-10-31 15:57:08,-0.74,-90.35,73.4,78,75,14.99
312,Vilyuysk,RU,2020-10-31 15:57:08,63.76,121.62,-9.69,90,79,3.2
313,Ogembo,KE,2020-10-31 15:57:08,-0.8,34.73,62.56,89,100,2.8
314,Gari,RU,2020-10-31 15:57:08,59.43,62.35,35.26,90,97,9.66
315,Henties Bay,NA,2020-10-31 15:53:22,-22.12,14.28,60.01,80,10,5.99
316,Volokonovka,RU,2020-10-31 15:57:08,50.48,37.86,53.08,90,100,11.18
317,Necochea,AR,2020-10-31 15:53:09,-38.55,-58.74,68.63,43,2,7.16
318,Jasper,US,2020-10-31 15:53:05,37.2,-94.35,57.0,62,1,12.75
319,Niquelandia,BR,2020-10-31 15:57:09,-14.47,-48.46,77.02,79,100,1.86
320,Aasiaat,GL,2020-10-31 15:57:09,68.71,-52.87,19.81,97,99,6.31
321,Stokmarknes,NO,2020-10-31 15:57:09,68.56,14.91,46.0,78,22,13.0
322,Lorengau,PG,2020-10-31 15:57:09,-2.02,147.27,80.85,75,19,4.54
323,Srandakan,ID,2020-10-31 15:57:09,-7.94,110.25,78.21,84,68,4.94
324,Lakes Entrance,AU,2020-10-31 15:57:09,-37.88,147.98,55.0,90,38,3.0
325,Nancha,CN,2020-10-31 15:57:09,47.13,129.27,37.04,85,16,4.9
326,Berlevag,NO,2020-10-31 15:57:09,70.86,29.09,31.1,94,79,14.23
327,The Valley,AI,2020-10-31 15:54:47,18.22,-63.06,87.8,66,20,18.34
328,Concepcion,CL,2020-10-31 15:52:17,-36.83,-73.05,55.4,87,90,8.05
329,Kudahuvadhoo,MV,2020-10-31 15:57:10,2.67,72.89,83.66,71,25,5.57
330,Nueva Loja,EC,2020-10-31 15:57:10,0.08,-76.88,86.0,70,90,2.24
331,Sukaraja,ID,2020-10-31 15:57:10,-7.45,108.19,74.14,88,94,1.59
332,Paamiut,GL,2020-10-31 15:57:10,61.99,-49.67,27.9,88,81,17.85
333,Dali,CN,2020-10-31 15:57:10,25.7,100.18,58.01,85,15,4.9
334,Traverse City,US,2020-10-31 15:54:50,44.76,-85.62,41.0,59,20,12.75
335,Antofagasta,CL,2020-10-31 15:57:10,-23.65,-70.4,66.99,67,0,11.41
336,Chokurdakh,RU,2020-10-31 15:57:10,70.63,147.92,1.08,94,98,7.34
337,Sur,OM,2020-10-31 15:57:10,22.57,59.53,73.71,56,0,4.63
338,Tonj,SS,2020-10-31 15:57:10,7.27,28.68,80.28,71,12,2.35
339,Corn Island,NI,2020-10-31 15:57:11,12.17,-83.04,83.23,76,92,18.72
340,Dehloran,IR,2020-10-31 15:57:11,32.69,47.27,66.72,23,0,1.9
341,Quebo,GW,2020-10-31 15:57:11,11.33,-14.93,94.55,32,99,3.47
342,Upington,ZA,2020-10-31 15:57:11,-28.45,21.26,75.2,69,40,12.75
343,Bedi,IN,2020-10-31 15:57:11,22.5,70.05,83.79,44,0,11.7
344,Belmonte,BR,2020-10-31 15:57:11,-15.86,-38.88,82.4,65,75,16.11
345,Dzaoudzi,YT,2020-10-31 15:57:11,-12.79,45.27,78.8,74,20,6.93
346,Bacolod,PH,2020-10-31 15:57:11,10.67,122.95,78.22,83,100,3.78
347,Puerto Colombia,CO,2020-10-31 15:57:11,10.99,-74.95,84.2,79,75,5.82
348,Seoul,KR,2020-10-31 15:52:23,37.57,126.98,59.0,54,90,7.65
349,Saint-Augustin,CA,2020-10-31 15:57:11,51.23,-58.65,32.52,77,1,11.72
350,Abu Samrah,SY,2020-10-31 15:56:09,35.3,37.18,75.11,32,100,6.4
351,Byron Bay,AU,2020-10-31 15:57:12,-28.65,153.62,63.0,93,3,2.24
352,Vardo,NO,2020-10-31 15:52:56,70.37,31.11,33.8,74,75,18.34
353,Saverne,FR,2020-10-31 15:57:12,48.83,7.25,59.0,72,0,3.36
354,Rurrenabaque,BO,2020-10-31 15:57:12,-14.44,-67.53,84.2,48,40,6.93
355,Blagoyevo,RU,2020-10-31 15:57:12,63.37,47.92,34.09,89,100,6.91
356,Coquimbo,CL,2020-10-31 15:57:12,-29.95,-71.34,53.6,87,90,8.05
357,Lobito,AO,2020-10-31 15:57:12,-12.35,13.55,79.16,76,46,6.33
358,Tonekabon,IR,2020-10-31 15:57:12,36.82,50.87,68.0,94,20,2.24
359,Tyukhtet,RU,2020-10-31 15:57:12,56.54,89.3,28.85,99,100,4.45
360,Mackay,AU,2020-10-31 15:57:12,-21.15,149.2,73.0,88,37,4.7
361,Bengkulu,ID,2020-10-31 15:57:12,-3.8,102.27,77.4,85,100,3.24
362,Altoona,US,2020-10-31 15:57:13,40.52,-78.39,42.01,71,2,5.68
363,Simpang,ID,2020-10-31 15:57:13,-1.27,104.08,76.35,90,95,1.45
364,Sebinkarahisar,TR,2020-10-31 15:55:05,40.29,38.42,53.15,71,80,4.45
365,Narsaq,GL,2020-10-31 15:57:13,60.92,-46.05,28.4,68,40,1.88
366,Mabaruma,GY,2020-10-31 15:57:13,8.2,-59.78,89.24,64,42,7.99
367,Asahikawa,JP,2020-10-31 15:57:13,43.77,142.37,42.64,75,100,4.5
368,Lata,PT,2020-10-31 15:57:13,40.16,-8.33,71.01,75,51,1.01
369,Nchelenge,ZM,2020-10-31 15:57:13,-9.35,28.73,79.41,56,4,4.74
370,Amga,RU,2020-10-31 15:54:37,60.9,131.96,-9.96,89,2,2.17
371,Beyla,GN,2020-10-31 15:57:13,8.68,-8.63,85.15,47,5,5.91
372,Hami,CN,2020-10-31 15:57:13,42.8,93.45,36.9,65,0,2.62
373,Waipawa,NZ,2020-10-31 15:57:14,-41.41,175.52,59.0,77,27,14.99
374,Metlaltoyuca,MX,2020-10-31 15:57:14,20.73,-97.85,68.0,77,5,6.93
375,Cotonou,BJ,2020-10-31 15:57:14,6.37,2.42,87.8,74,40,13.87
376,Tura,IN,2020-10-31 15:57:14,25.52,90.22,73.2,95,100,1.81
377,Talovaya,RU,2020-10-31 15:57:14,51.11,40.73,53.65,93,100,11.88
378,Alice Springs,AU,2020-10-31 15:57:14,-23.7,133.88,64.4,25,48,6.93
379,Ust-Ishim,RU,2020-10-31 15:57:14,57.69,71.17,34.59,88,100,7.87
380,Guerrero Negro,MX,2020-10-31 15:52:59,27.98,-114.06,71.28,51,6,1.32
381,Rabo De Peixe,PT,2020-10-31 15:57:14,37.8,-25.58,69.8,94,75,17.22
382,Jibuti,DJ,2020-10-31 15:57:15,11.5,42.5,86.0,62,1,5.82
383,Sokoni,TZ,2020-10-31 15:57:15,-6.43,39.55,82.4,69,40,6.93
384,Salalah,OM,2020-10-31 15:57:15,17.02,54.09,84.2,37,0,4.7
385,Portland,US,2020-10-31 15:53:51,45.52,-122.68,42.01,93,75,3.36
386,Barra,BR,2020-10-31 15:54:05,-11.09,-43.14,87.85,47,70,6.76
387,Akcaabat,TR,2020-10-31 15:57:15,41.02,39.57,68.0,88,75,4.7
388,Da Nang,VN,2020-10-31 15:57:16,16.07,108.22,78.8,88,40,5.82
389,Morro Bay,US,2020-10-31 15:55:45,35.37,-120.85,44.6,87,1,6.46
390,Camacari,BR,2020-10-31 15:57:16,-12.7,-38.32,84.2,74,40,19.46
391,Ust-Karsk,RU,2020-10-31 15:57:16,52.7,118.81,26.02,88,100,4.16
392,Bergen,NO,2020-10-31 15:57:16,60.39,5.33,54.0,43,40,14.99
393,Asfi,MA,2020-10-31 15:57:16,32.3,-9.24,72.21,62,0,14.0
394,Vila Franca Do Campo,PT,2020-10-31 15:57:16,37.72,-25.43,69.8,94,75,17.22
395,Columbus,US,2020-10-31 15:54:02,39.96,-83.0,46.99,56,20,10.29
396,Svetlogorsk,BY,2020-10-31 15:57:17,52.63,29.73,48.49,90,100,8.5
397,Adrar,MR,2020-10-31 15:56:05,20.5,-10.07,93.33,11,97,10.94
398,Escalerillas,MX,2020-10-31 15:57:17,22.13,-101.07,50.0,61,5,3.69
399,Bonfim,BR,2020-10-31 15:57:17,3.08,-59.95,92.91,46,8,9.26
400,Bardiyah,LY,2020-10-31 15:57:17,31.76,25.09,70.27,63,19,10.04
401,Zhongshu,CN,2020-10-31 15:57:17,24.52,103.77,58.73,93,30,2.51
402,Butwal,NP,2020-10-31 15:57:17,27.7,83.45,72.75,53,64,3.22
403,Inuvik,CA,2020-10-31 15:57:17,68.35,-133.72,1.4,77,67,3.36
404,Esna,EG,2020-10-31 15:57:17,25.29,32.55,89.6,40,20,4.7
405,Herat,AF,2020-10-31 15:57:17,34.5,62.0,50.0,10,0,3.36
406,Winnemucca,US,2020-10-31 15:57:17,40.97,-117.74,26.6,38,1,3.36
407,Lubbock,US,2020-10-31 15:52:27,33.6,-101.83,57.0,61,75,11.41
408,Comodoro Rivadavia,AR,2020-10-31 15:57:18,-45.87,-67.5,62.6,63,0,5.82
409,Saldanha,ZA,2020-10-31 15:53:13,-33.01,17.94,75.2,36,0,17.22
410,Otane,NZ,2020-10-31 15:57:18,-39.88,176.63,55.99,83,24,18.99
411,Clyde River,CA,2020-10-31 15:56:00,70.47,-68.59,15.8,92,90,12.75
412,Osa,RU,2020-10-31 15:57:18,57.28,55.46,36.37,94,100,7.7
413,Astoria,US,2020-10-31 15:57:18,46.19,-123.83,39.2,100,90,4.79
414,Emerald,AU,2020-10-31 15:57:18,-23.53,148.17,69.8,30,0,6.93
415,Polignano A Mare,IT,2020-10-31 15:57:18,41.0,17.22,64.99,74,3,7.83
416,Chifeng,CN,2020-10-31 15:57:19,42.27,118.96,39.29,54,0,9.8
417,Tianpeng,CN,2020-10-31 15:57:19,30.99,103.94,66.0,1,100,3.36
418,Kilindoni,TZ,2020-10-31 15:57:19,-7.91,39.67,79.52,78,94,11.74
419,Saint Anthony,US,2020-10-31 15:57:19,45.02,-93.22,48.99,61,1,17.22
420,Marawi,PH,2020-10-31 15:57:19,8.0,124.29,75.99,90,100,3.0
421,Tagbac,PH,2020-10-31 15:57:19,7.09,125.16,78.8,83,40,3.36
422,Shangzhi,CN,2020-10-31 15:57:19,45.22,127.97,43.32,69,0,13.89
423,Batemans Bay,AU,2020-10-31 15:57:19,-35.72,150.18,59.0,97,100,3.0
424,Olinda,BR,2020-10-31 15:57:20,-8.01,-34.86,86.0,66,40,11.41
425,Saint Matthews,US,2020-10-31 15:55:46,38.25,-85.66,51.01,70,1,4.7
426,Smithers,CA,2020-10-31 15:53:50,54.78,-127.17,32.0,95,75,8.05
427,Langen,DE,2020-10-31 15:57:20,49.99,8.67,60.01,72,0,4.7
428,Havelock,US,2020-10-31 15:57:20,34.88,-76.9,63.0,59,1,12.75
429,Puerto Lleras,CO,2020-10-31 15:57:20,3.02,-73.4,87.51,57,93,3.98
430,Kattivakkam,IN,2020-10-31 15:57:20,13.22,80.32,80.6,83,20,2.24
431,Stony Mountain,CA,2020-10-31 15:57:20,50.09,-97.22,36.0,74,20,28.86
432,Teknaf,BD,2020-10-31 15:57:20,20.86,92.31,77.67,88,100,3.09
433,Xining,CN,2020-10-31 15:57:21,36.62,101.77,36.27,73,87,1.77
434,Leningradskiy,RU,2020-10-31 15:57:21,69.38,178.42,19.13,93,95,10.71
435,Fray Bentos,UY,2020-10-31 15:57:21,-33.13,-58.3,70.0,55,1,7.0
436,Awbari,LY,2020-10-31 15:57:21,26.59,12.78,70.72,36,0,8.63
437,Monroe,US,2020-10-31 15:53:36,43.15,-77.68,42.01,64,20,8.05
438,Abja-Paluoja,EE,2020-10-31 15:57:21,58.13,25.35,44.01,90,0,3.83
439,San Salvador,SV,2020-10-31 15:57:21,13.69,-89.19,84.2,83,0,5.82
440,Ostrovnoy,RU,2020-10-31 15:53:02,68.05,39.51,26.89,95,13,12.21
441,Savannah Bight,HN,2020-10-31 15:57:21,16.45,-85.85,84.2,74,75,1.36
442,Tazovskiy,RU,2020-10-31 15:57:21,67.47,78.7,34.34,99,100,12.24
443,Yermakovskoye,RU,2020-10-31 15:57:22,53.28,92.4,31.06,96,100,3.47
444,Bage,BR,2020-10-31 15:57:22,-31.33,-54.11,69.8,49,20,10.29
445,Crestview,US,2020-10-31 15:57:22,30.76,-86.57,68.0,72,1,6.93
446,Great Yarmouth,GB,2020-10-31 15:56:15,52.61,1.73,57.0,99,88,8.01
447,Grand-Lahou,CI,2020-10-31 15:57:23,5.14,-5.02,82.22,75,47,6.04
448,Zhanaozen,KZ,2020-10-31 15:57:23,43.3,52.8,58.08,29,92,16.82
449,Touros,BR,2020-10-31 15:57:23,-5.2,-35.46,84.2,74,75,16.11
450,Zenzeli,RU,2020-10-31 15:57:23,45.92,47.05,53.91,69,100,11.34
451,Kamenka,RU,2020-10-31 15:57:23,51.32,42.77,50.34,92,100,8.93
452,Amboasary,MG,2020-10-31 15:57:24,-25.03,46.38,73.4,83,20,24.16
453,Mapiri,BO,2020-10-31 15:56:15,-15.25,-68.17,83.43,34,86,2.04
454,Mezen,RU,2020-10-31 15:57:24,65.85,44.24,32.05,96,75,7.43
455,Nantucket,US,2020-10-31 15:55:43,41.28,-70.1,46.4,49,1,12.75
456,Medeiros Neto,BR,2020-10-31 15:57:24,-17.37,-40.22,75.97,80,98,4.36
457,Picton,AU,2020-10-31 15:57:24,-34.18,150.6,55.99,95,37,5.77
458,Athabasca,CA,2020-10-31 15:54:12,54.72,-113.29,26.6,86,6,10.29
459,Manakara,MG,2020-10-31 15:57:24,-22.13,48.02,68.09,70,18,6.67
460,Santa Isabel Do Rio Negro,BR,2020-10-31 15:57:25,-0.41,-65.02,96.21,43,95,4.34
461,Grants,US,2020-10-31 15:57:25,35.15,-107.85,35.6,39,1,5.97
462,Coahuayana,MX,2020-10-31 15:53:12,18.73,-103.68,75.2,73,40,13.87
463,Maniitsoq,GL,2020-10-31 15:57:25,65.42,-52.9,21.09,86,81,5.77
464,Conceicao Do Araguaia,BR,2020-10-31 15:53:18,-8.26,-49.26,96.84,41,100,3.36
465,Ardakan,IR,2020-10-31 15:57:25,32.31,54.02,68.0,16,0,4.7
466,Ende,ID,2020-10-31 15:57:25,-8.84,121.66,78.98,75,99,0.96
467,Namie,JP,2020-10-31 15:57:25,37.48,141.0,44.01,77,2,5.46
468,Hammerfest,NO,2020-10-31 15:57:25,70.66,23.68,37.4,74,100,14.99
469,Olafsvik,IS,2020-10-31 15:57:25,64.89,-23.71,43.66,80,76,12.28
470,College,US,2020-10-31 15:57:25,64.86,-147.8,8.01,84,90,3.36
471,Benghazi,LY,2020-10-31 15:57:26,32.12,20.07,70.83,62,0,15.61
472,Saryg-Sep,RU,2020-10-31 15:57:26,51.5,95.6,22.84,95,100,1.19
473,Dicabisagan,PH,2020-10-31 15:57:26,17.08,122.42,76.57,82,100,14.74
474,Rundu,NA,2020-10-31 15:57:26,-17.93,19.77,94.66,14,34,2.39
475,Jiuquan,CN,2020-10-31 15:54:04,39.74,98.52,37.02,61,32,5.01
476,Alice Town,BS,2020-10-31 15:57:26,25.72,-79.3,81.03,80,26,12.06
477,Kainantu,PG,2020-10-31 15:57:26,-6.29,145.87,58.53,93,83,1.41
478,Fort Collins,US,2020-10-31 15:54:02,40.59,-105.08,55.99,41,0,3.0
479,Hurricane,US,2020-10-31 15:57:26,37.18,-113.29,46.4,33,1,5.82
480,Shahr-E Babak,IR,2020-10-31 15:57:26,30.12,55.12,51.69,37,0,7.47
481,Springfield,US,2020-10-31 15:57:26,37.22,-93.3,55.99,60,2,5.99
482,San Carlos De Bariloche,AR,2020-10-31 15:53:19,-41.15,-71.31,71.6,18,0,5.75
483,Pangnirtung,CA,2020-10-31 15:57:27,66.15,-65.71,19.4,52,75,4.36
484,Cayenne,GF,2020-10-31 15:57:27,4.93,-52.33,89.6,59,100,10.29
485,Lompoc,US,2020-10-31 15:52:58,34.64,-120.46,44.6,93,1,4.7
486,Husavik,IS,2020-10-31 15:57:27,66.04,-17.34,42.8,70,0,12.75
487,Avera,US,2020-10-31 15:57:27,33.19,-82.53,59.0,54,75,12.75
488,Fuerte Olimpo,PY,2020-10-31 15:57:27,-21.04,-57.87,88.07,40,23,7.52
489,Banda Aceh,ID,2020-10-31 15:57:27,5.56,95.32,80.69,77,97,8.08
490,Forestville,US,2020-10-31 15:57:27,38.85,-76.88,48.99,70,75,8.05
491,Sangar,RU,2020-10-31 15:57:28,63.92,127.47,-14.49,89,5,3.24
492,Lagoa,PT,2020-10-31 15:57:28,39.05,-27.98,68.65,92,95,26.6
493,Kalianget,ID,2020-10-31 15:57:28,-7.05,113.93,78.35,84,100,7.36
494,Coihaique,CL,2020-10-31 15:57:28,-45.58,-72.07,60.8,48,0,4.7
495,Meulaboh,ID,2020-10-31 15:52:57,4.14,96.13,78.53,83,100,3.04
496,Brae,GB,2020-10-31 15:57:28,60.4,-1.35,53.6,87,100,36.91
497,Vratimov,CZ,2020-10-31 15:57:28,49.77,18.31,48.2,93,41,2.24
498,Salinopolis,BR,2020-10-31 15:57:28,-0.61,-47.36,86.36,64,3,13.0
499,Kachug,RU,2020-10-31 15:57:28,53.96,105.88,22.33,86,100,11.25
500,Tefe,BR,2020-10-31 15:57:29,-3.35,-64.71,86.0,74,40,5.82
501,Saint-Francois,FR,2020-10-31 15:57:29,46.42,3.91,66.2,63,0,3.36
502,Yei,SS,2020-10-31 15:57:29,4.09,30.68,71.1,89,40,3.56
503,Odweyne,SO,2020-10-31 15:57:29,9.41,45.06,77.94,52,71,7.87
504,Nehe,CN,2020-10-31 15:57:29,48.48,124.83,33.75,91,98,11.88
505,Kaeo,NZ,2020-10-31 15:57:29,-35.1,173.78,57.99,95,48,1.01
506,Ampanihy,MG,2020-10-31 15:57:29,-24.7,44.75,80.28,42,0,12.71
507,Makakilo City,US,2020-10-31 15:57:29,21.35,-158.09,71.6,88,1,3.36
508,Fuzhou,CN,2020-10-31 15:57:29,26.06,119.31,68.0,77,0,8.95
509,Santa Cruz,BO,2020-10-31 15:57:30,-17.8,-63.17,84.2,54,40,24.16
510,Samarai,PG,2020-10-31 15:57:30,-10.62,150.67,80.31,85,66,9.95
511,Oksfjord,NO,2020-10-31 15:54:06,70.24,22.35,37.4,80,100,13.87
512,Zaysan,KZ,2020-10-31 15:57:30,47.47,84.87,33.26,85,0,1.74
513,Auki,SB,2020-10-31 15:57:30,-8.77,160.7,77.97,85,36,4.09
514,Muriti,TZ,2020-10-31 15:57:30,-1.98,32.92,77.0,61,40,8.05
515,Barra Patuca,HN,2020-10-31 15:57:30,15.8,-84.28,82.74,78,5,7.43
516,Khowst,AF,2020-10-31 15:57:30,33.38,69.88,53.87,33,0,2.66
517,Shenjiamen,CN,2020-10-31 15:57:30,29.96,122.3,65.32,79,6,5.77
518,Takaka,NZ,2020-10-31 15:57:31,-40.85,172.8,53.01,86,100,7.0
519,Diffa,NE,2020-10-31 15:57:31,13.32,12.61,91.11,15,0,11.83
520,Talnakh,RU,2020-10-31 15:57:31,69.49,88.4,17.6,92,75,40.26
521,Alta Floresta,BR,2020-10-31 15:53:53,-9.88,-56.09,87.55,57,100,2.66
522,Bahir Dar,ET,2020-10-31 15:57:31,11.59,37.39,63.68,79,73,6.29
523,Mokhotlong,LS,2020-10-31 15:57:31,-29.29,29.07,47.55,84,100,0.83
524,Dmytrivka,UA,2020-10-31 15:57:32,45.97,28.99,50.52,59,100,9.22
525,Praia,CV,2020-10-31 15:53:43,14.92,-23.51,82.4,65,75,26.4
526,Asau,RO,2020-10-31 15:57:32,46.43,26.4,39.99,95,100,4.61
527,Fairbanks,US,2020-10-31 15:53:36,64.84,-147.72,8.01,92,90,3.36
528,Normandin,CA,2020-10-31 15:57:32,48.83,-72.53,26.6,67,0,1.12
529,Namatanai,PG,2020-10-31 15:57:32,-3.67,152.43,80.26,78,100,5.53
530,Aktash,RU,2020-10-31 15:57:32,50.3,87.73,14.77,91,5,1.74
531,Aiken,US,2020-10-31 15:56:00,33.58,-81.6,59.0,58,90,12.75
532,Saint-Joseph,RE,2020-10-31 15:57:32,-21.37,55.62,69.8,60,75,4.7
533,Ngunguru,NZ,2020-10-31 15:57:32,-35.62,174.5,57.99,95,14,1.01
534,Lucapa,AO,2020-10-31 15:57:32,-8.42,20.74,77.2,72,76,2.24
535,Arman,RU,2020-10-31 15:57:33,59.7,150.17,31.87,98,100,5.5
536,Illapel,CL,2020-10-31 15:57:33,-31.63,-71.17,80.62,25,0,8.79
537,Saint-Pierre,RE,2020-10-31 15:57:33,-21.34,55.48,69.8,60,75,4.7
538,Kloulklubed,PW,2020-10-31 15:57:33,7.04,134.26,82.4,78,75,11.41
539,Maiduguri,NG,2020-10-31 15:57:33,11.85,13.16,90.64,19,3,14.9
540,Weston,US,2020-10-31 15:53:39,26.1,-80.4,82.4,88,40,11.63
541,Along,IN,2020-10-31 15:52:57,28.17,94.77,68.74,71,100,1.88
542,Soe,ID,2020-10-31 15:57:34,-9.86,124.28,67.93,86,17,2.93
543,Huancabamba,PE,2020-10-31 15:57:34,-5.24,-79.45,74.5,23,99,4.25
544,Elat,IL,2020-10-31 15:57:34,29.56,34.95,86.0,42,0,13.87
545,Zhigansk,RU,2020-10-31 15:57:34,66.77,123.37,-10.7,89,82,0.36
546,Lhokseumawe,ID,2020-10-31 15:57:34,5.18,97.15,79.83,80,97,2.28
547,Tromso,NO,2020-10-31 15:57:34,69.65,18.96,39.2,75,75,17.22
